{"train/loss": 0.05924634635448456, "train/random_loss": 0.22072753310203552, "train/lr": 0.0026062377728521824, "train/epoch": 14, "_timestamp": 1663282438, "_runtime": 8370, "validation/loss": 0.05847354605793953, "validation/random_loss": 0.21745772659778595, "validation/epoch": 14, "_step": 14, "_wandb": {"runtime": 8372}}